Qtd_Conexoes;Tempo_Total_das_requisicoes;Diversidade_IP_Destino;Requisicoes_por_Segundo;Qtd_Portas_Solicitadas;Blacklist;Classe_Prevista;IP de Origem;IP de Origem Num;Comportamento
4;41;1;0.0975609756097561;4;0;0;192.168.0.68;3232235588;Normal
6;32;2;0.1875;6;0;1;192.168.0.107;3232235627;Normal
5;53;2;0.09433962264150944;5;0;1;192.168.0.122;3232235642;Normal
8;56;1;0.14285714285714285;8;0;1;192.168.0.207;3232235727;Normal
13;59;2;0.22033898305084745;13;0;1;192.168.0.252;3232235772;Port Scan
11;38;2;0.2894736842105263;11;0;1;192.168.1.9;3232235785;Port Scan
498;59;1;8.440677966101696;498;0;1;192.168.1.54;3232235830;Port Scan
1;0;1;0.0;1;0;0;192.168.1.76;3232235852;Normal
12;59;2;0.2033898305084746;12;0;1;192.168.1.118;3232235894;Port Scan
7;39;2;0.1794871794871795;7;0;1;192.168.1.154;3232235930;Normal
14;54;2;0.25925925925925924;14;0;1;192.168.2.154;3232236186;Port Scan
14;59;2;0.23728813559322035;14;0;1;192.168.2.161;3232236193;Port Scan
7;51;1;0.13725490196078433;7;0;1;192.168.2.163;3232236195;Normal
12;52;2;0.23076923076923078;12;0;1;192.168.2.196;3232236228;Port Scan
8;52;1;0.15384615384615385;8;0;1;192.168.2.241;3232236273;Normal
9;56;2;0.16071428571428573;9;0;1;192.168.2.249;3232236281;Normal
8;43;2;0.18604651162790697;8;0;1;192.168.3.230;3232236518;Normal
14;49;2;0.2857142857142857;14;0;1;192.168.4.66;3232236610;Port Scan
14;52;1;0.2692307692307692;14;0;1;192.168.4.90;3232236634;Port Scan
5;44;2;0.11363636363636363;5;0;1;192.168.5.41;3232236841;Normal
10;47;1;0.2127659574468085;10;0;1;192.168.5.74;3232236874;Normal
11;44;2;0.25;11;0;1;192.168.5.90;3232236890;Port Scan
16;47;1;0.3404255319148936;16;0;1;192.168.5.131;3232236931;Port Scan
13;59;2;0.22033898305084745;13;0;1;192.168.5.207;3232237007;Port Scan
8;54;2;0.14814814814814814;8;0;1;192.168.6.38;3232237094;Normal
8;38;2;0.21052631578947367;8;0;1;192.168.6.47;3232237103;Normal
8;40;2;0.2;8;0;1;192.168.6.77;3232237133;Normal
8;47;2;0.1702127659574468;8;0;1;192.168.6.113;3232237169;Normal
10;36;1;0.2777777777777778;10;0;1;192.168.6.131;3232237187;Normal
8;39;2;0.20512820512820512;8;0;1;192.168.7.25;3232237337;Normal
9;51;1;0.17647058823529413;9;0;1;192.168.7.52;3232237364;Normal
10;46;2;0.21739130434782608;10;0;1;192.168.7.224;3232237536;Normal
13;52;2;0.25;13;0;1;192.168.8.88;3232237656;Port Scan
16;51;1;0.3137254901960784;16;0;1;192.168.8.194;3232237762;Port Scan
6;27;1;0.2222222222222222;6;0;1;192.168.8.244;3232237812;Normal
12;55;2;0.21818181818181817;12;0;1;192.168.10.7;3232238087;Port Scan
12;51;1;0.23529411764705882;12;0;1;192.168.10.66;3232238146;Port Scan
11;35;2;0.3142857142857143;11;0;1;192.168.10.96;3232238176;Port Scan
7;33;1;0.21212121212121213;7;0;1;192.168.10.112;3232238192;Normal
8;57;2;0.14035087719298245;8;0;1;192.168.10.122;3232238202;Normal
17;58;2;0.29310344827586204;17;0;1;192.168.10.188;3232238268;Port Scan
5;50;1;0.1;5;0;1;192.168.10.245;3232238325;Normal
8;55;2;0.14545454545454545;8;0;1;192.168.11.65;3232238401;Normal
4;6;1;0.6666666666666666;4;0;0;192.168.11.102;3232238438;Normal
7;41;2;0.17073170731707318;7;0;1;192.168.11.141;3232238477;Normal
8;47;1;0.1702127659574468;8;0;1;192.168.11.236;3232238572;Normal
8;45;2;0.17777777777777778;8;0;1;192.168.12.123;3232238715;Normal
10;53;2;0.18867924528301888;10;0;1;192.168.12.129;3232238721;Normal
6;48;2;0.125;6;0;1;192.168.12.242;3232238834;Normal
5;52;1;0.09615384615384616;5;0;1;192.168.13.1;3232238849;Normal
7;54;1;0.12962962962962962;7;0;1;192.168.13.25;3232238873;Normal
11;47;2;0.23404255319148937;11;0;1;192.168.13.94;3232238942;Port Scan
5;15;1;0.3333333333333333;5;0;1;192.168.14.70;3232239174;Normal
5;54;2;0.09259259259259259;5;0;1;192.168.14.203;3232239307;Normal
8;54;2;0.14814814814814814;8;0;1;192.168.15.16;3232239376;Normal
7;41;1;0.17073170731707318;7;0;1;192.168.15.52;3232239412;Normal
7;56;2;0.125;7;0;1;192.168.15.132;3232239492;Normal
7;56;1;0.125;7;0;1;192.168.15.176;3232239536;Normal
9;49;1;0.1836734693877551;9;0;1;192.168.16.120;3232239736;Normal
11;56;1;0.19642857142857142;11;0;1;192.168.17.99;3232239971;Port Scan
9;57;2;0.15789473684210525;9;0;1;192.168.17.157;3232240029;Normal
8;39;2;0.20512820512820512;8;0;1;192.168.17.248;3232240120;Normal
20;59;1;0.3389830508474576;20;0;1;192.168.18.38;3232240166;Port Scan
7;52;1;0.1346153846153846;7;0;1;192.168.18.191;3232240319;Normal
12;54;2;0.2222222222222222;12;0;1;192.168.18.196;3232240324;Port Scan
17;42;2;0.40476190476190477;17;0;1;192.168.19.52;3232240436;Port Scan
13;48;2;0.2708333333333333;13;0;1;192.168.19.138;3232240522;Port Scan
9;49;2;0.1836734693877551;9;0;1;192.168.19.173;3232240557;Normal
6;43;2;0.13953488372093023;6;0;1;192.168.20.61;3232240701;Normal
9;38;1;0.23684210526315788;9;0;1;192.168.20.189;3232240829;Normal
7;36;2;0.19444444444444445;7;0;1;192.168.20.203;3232240843;Normal
12;51;2;0.23529411764705882;12;0;1;192.168.21.22;3232240918;Port Scan
8;53;2;0.1509433962264151;8;0;1;192.168.21.61;3232240957;Normal
5;15;2;0.3333333333333333;5;0;1;192.168.21.158;3232241054;Normal
10;51;1;0.19607843137254902;10;0;1;192.168.21.217;3232241113;Normal
7;33;2;0.21212121212121213;7;0;1;192.168.21.243;3232241139;Normal
12;59;2;0.2033898305084746;12;0;1;192.168.21.245;3232241141;Port Scan
10;56;2;0.17857142857142858;10;0;1;192.168.22.69;3232241221;Normal
5;36;2;0.1388888888888889;5;0;1;192.168.22.82;3232241234;Normal
11;52;2;0.21153846153846154;11;0;1;192.168.22.224;3232241376;Port Scan
10;46;2;0.21739130434782608;10;0;1;192.168.23.45;3232241453;Normal
7;44;1;0.1590909090909091;7;0;1;192.168.23.95;3232241503;Normal
9;47;2;0.19148936170212766;9;0;1;192.168.23.120;3232241528;Normal
8;42;2;0.19047619047619047;8;0;1;192.168.23.122;3232241530;Normal
13;55;2;0.23636363636363636;13;0;1;192.168.23.131;3232241539;Port Scan
9;47;2;0.19148936170212766;9;0;1;192.168.23.209;3232241617;Normal
8;45;2;0.17777777777777778;8;0;1;192.168.24.35;3232241699;Normal
8;49;1;0.16326530612244897;8;0;1;192.168.24.217;3232241881;Normal
8;37;2;0.21621621621621623;8;0;1;192.168.25.15;3232241935;Normal
10;52;2;0.19230769230769232;10;0;1;192.168.25.96;3232242016;Normal
12;50;1;0.24;12;0;1;192.168.25.113;3232242033;Port Scan
13;53;2;0.24528301886792453;13;0;1;192.168.25.150;3232242070;Port Scan
6;45;2;0.13333333333333333;6;0;1;192.168.25.199;3232242119;Normal
9;48;2;0.1875;9;0;1;192.168.25.216;3232242136;Normal
10;50;2;0.2;10;0;1;192.168.25.232;3232242152;Normal
6;58;1;0.10344827586206896;6;0;1;192.168.26.63;3232242239;Normal
6;49;2;0.12244897959183673;6;0;1;192.168.26.126;3232242302;Normal
10;50;2;0.2;10;0;1;192.168.26.202;3232242378;Normal
5;41;2;0.12195121951219512;5;0;1;192.168.26.234;3232242410;Normal
7;56;1;0.125;7;0;1;192.168.26.248;3232242424;Normal
11;45;2;0.24444444444444444;11;0;1;192.168.27.86;3232242518;Port Scan
14;54;2;0.25925925925925924;14;0;1;192.168.27.100;3232242532;Port Scan
10;56;1;0.17857142857142858;10;0;1;192.168.27.126;3232242558;Normal
15;55;1;0.2727272727272727;15;0;1;192.168.27.251;3232242683;Port Scan
16;48;2;0.3333333333333333;16;0;1;192.168.28.57;3232242745;Port Scan
9;41;2;0.21951219512195122;9;0;1;192.168.29.22;3232242966;Normal
7;52;2;0.1346153846153846;7;0;1;192.168.29.76;3232243020;Normal
8;48;2;0.16666666666666666;8;0;1;192.168.29.99;3232243043;Normal
6;54;2;0.1111111111111111;6;0;1;192.168.29.120;3232243064;Normal
10;56;2;0.17857142857142858;10;0;1;192.168.29.226;3232243170;Normal
8;50;1;0.16;8;0;1;192.168.30.77;3232243277;Normal
9;51;2;0.17647058823529413;9;0;1;192.168.30.117;3232243317;Normal
3;49;2;0.061224489795918366;3;0;0;192.168.30.137;3232243337;Normal
15;52;2;0.28846153846153844;15;0;1;192.168.30.203;3232243403;Port Scan
11;56;2;0.19642857142857142;11;0;1;192.168.30.204;3232243404;Port Scan
8;46;2;0.17391304347826086;8;0;1;192.168.30.220;3232243420;Normal
8;32;2;0.25;8;0;1;192.168.31.20;3232243476;Normal
6;38;1;0.15789473684210525;6;0;1;192.168.31.59;3232243515;Normal
7;22;1;0.3181818181818182;7;0;1;192.168.31.93;3232243549;Normal
4;57;2;0.07017543859649122;4;0;0;192.168.31.144;3232243600;Normal
11;47;2;0.23404255319148937;11;0;1;192.168.31.243;3232243699;Port Scan
7;44;2;0.1590909090909091;7;0;1;192.168.32.38;3232243750;Normal
11;50;2;0.22;11;0;1;192.168.32.49;3232243761;Port Scan
12;47;2;0.2553191489361702;12;0;1;192.168.33.88;3232244056;Port Scan
9;53;2;0.16981132075471697;9;0;1;192.168.33.246;3232244214;Normal
13;49;2;0.2653061224489796;13;0;1;192.168.34.24;3232244248;Port Scan
12;52;1;0.23076923076923078;12;0;1;192.168.34.121;3232244345;Port Scan
14;55;2;0.2545454545454545;14;0;1;192.168.35.77;3232244557;Port Scan
9;48;2;0.1875;9;0;1;192.168.35.85;3232244565;Normal
14;52;2;0.2692307692307692;14;0;1;192.168.35.144;3232244624;Port Scan
16;50;2;0.32;16;0;1;192.168.35.181;3232244661;Port Scan
10;46;2;0.21739130434782608;10;0;1;192.168.35.221;3232244701;Normal
11;48;1;0.22916666666666666;11;0;1;192.168.36.2;3232244738;Port Scan
14;57;2;0.24561403508771928;14;0;1;192.168.36.17;3232244753;Port Scan
9;42;2;0.21428571428571427;9;0;1;192.168.36.85;3232244821;Normal
8;52;1;0.15384615384615385;8;0;1;192.168.36.102;3232244838;Normal
9;44;2;0.20454545454545456;9;0;1;192.168.36.109;3232244845;Normal
12;57;2;0.21052631578947367;12;0;1;192.168.36.137;3232244873;Port Scan
8;57;1;0.14035087719298245;8;0;1;192.168.36.185;3232244921;Normal
8;41;1;0.1951219512195122;8;0;1;192.168.37.81;3232245073;Normal
8;45;2;0.17777777777777778;8;0;1;192.168.37.177;3232245169;Normal
13;57;2;0.22807017543859648;13;0;1;192.168.37.235;3232245227;Port Scan
9;34;2;0.2647058823529412;9;0;1;192.168.38.226;3232245474;Normal
11;50;2;0.22;11;0;1;192.168.38.244;3232245492;Port Scan
14;51;2;0.27450980392156865;14;0;1;192.168.39.24;3232245528;Port Scan
10;26;2;0.38461538461538464;10;0;1;192.168.39.48;3232245552;Normal
7;32;2;0.21875;7;0;1;192.168.39.122;3232245626;Normal
7;45;1;0.15555555555555556;7;0;1;192.168.39.130;3232245634;Normal
12;40;1;0.3;12;0;1;192.168.39.144;3232245648;Port Scan
7;44;2;0.1590909090909091;7;0;1;192.168.39.252;3232245756;Normal
9;37;2;0.24324324324324326;9;0;1;192.168.40.2;3232245762;Normal
7;49;2;0.14285714285714285;7;0;1;192.168.40.27;3232245787;Normal
9;55;1;0.16363636363636364;9;0;1;192.168.41.79;3232246095;Normal
9;53;1;0.16981132075471697;9;0;1;192.168.41.101;3232246117;Normal
10;52;2;0.19230769230769232;10;0;1;192.168.41.112;3232246128;Normal
5;58;1;0.08620689655172414;5;0;0;192.168.41.194;3232246210;Normal
14;32;2;0.4375;14;0;1;192.168.41.229;3232246245;Port Scan
10;47;2;0.2127659574468085;10;0;1;192.168.42.14;3232246286;Normal
6;52;2;0.11538461538461539;6;0;1;192.168.42.47;3232246319;Normal
9;55;2;0.16363636363636364;9;0;1;192.168.42.55;3232246327;Normal
11;36;2;0.3055555555555556;11;0;1;192.168.42.107;3232246379;Port Scan
7;23;1;0.30434782608695654;7;0;1;192.168.42.114;3232246386;Normal
7;46;2;0.15217391304347827;7;0;1;192.168.42.180;3232246452;Normal
12;51;2;0.23529411764705882;12;0;1;192.168.42.229;3232246501;Port Scan
7;51;1;0.13725490196078433;7;0;1;192.168.43.80;3232246608;Normal
16;50;2;0.32;16;0;1;192.168.43.85;3232246613;Port Scan
13;56;2;0.23214285714285715;13;0;1;192.168.44.50;3232246834;Port Scan
11;54;2;0.2037037037037037;11;0;1;192.168.44.85;3232246869;Port Scan
10;39;2;0.2564102564102564;10;0;1;192.168.44.252;3232247036;Normal
7;47;2;0.14893617021276595;7;0;1;192.168.45.43;3232247083;Normal
12;46;2;0.2608695652173913;12;0;1;192.168.45.166;3232247206;Port Scan
8;51;2;0.1568627450980392;8;0;1;192.168.46.15;3232247311;Normal
9;56;2;0.16071428571428573;9;0;1;192.168.47.223;3232247775;Normal
15;56;2;0.26785714285714285;15;0;1;192.168.48.101;3232247909;Port Scan
7;33;2;0.21212121212121213;7;0;1;192.168.49.7;3232248071;Normal
6;39;2;0.15384615384615385;6;0;1;192.168.49.12;3232248076;Normal
5;37;1;0.13513513513513514;5;0;1;192.168.49.87;3232248151;Normal
7;46;2;0.15217391304347827;7;0;1;192.168.49.115;3232248179;Normal
10;56;2;0.17857142857142858;10;0;1;192.168.49.146;3232248210;Normal
13;54;2;0.24074074074074073;13;0;1;192.168.49.202;3232248266;Port Scan
9;49;2;0.1836734693877551;9;0;1;192.168.49.221;3232248285;Normal
6;59;1;0.1016949152542373;6;0;1;192.168.49.244;3232248308;Normal
11;46;1;0.2391304347826087;11;0;1;192.168.50.61;3232248381;Port Scan
8;55;2;0.14545454545454545;8;0;1;192.168.50.77;3232248397;Normal
7;49;2;0.14285714285714285;7;0;1;192.168.50.111;3232248431;Normal
7;33;1;0.21212121212121213;7;0;1;192.168.50.122;3232248442;Normal
7;47;2;0.14893617021276595;7;0;1;192.168.50.194;3232248514;Normal
8;44;2;0.18181818181818182;8;0;1;192.168.50.206;3232248526;Normal
10;41;2;0.24390243902439024;10;0;1;192.168.50.214;3232248534;Normal
7;43;2;0.16279069767441862;7;0;1;192.168.51.111;3232248687;Normal
9;48;1;0.1875;9;0;1;192.168.51.137;3232248713;Normal
11;55;2;0.2;11;0;1;192.168.51.190;3232248766;Port Scan
7;47;2;0.14893617021276595;7;0;1;192.168.51.245;3232248821;Normal
13;51;1;0.2549019607843137;13;0;1;192.168.52.29;3232248861;Port Scan
7;31;1;0.22580645161290322;7;0;1;192.168.52.92;3232248924;Normal
14;53;2;0.2641509433962264;14;0;1;192.168.52.119;3232248951;Port Scan
9;43;1;0.20930232558139536;9;0;1;192.168.52.156;3232248988;Normal
11;57;1;0.19298245614035087;11;0;1;192.168.52.181;3232249013;Port Scan
7;37;1;0.1891891891891892;7;0;1;192.168.52.221;3232249053;Normal
14;50;2;0.28;14;0;1;192.168.53.25;3232249113;Port Scan
4;53;1;0.07547169811320754;4;0;0;192.168.53.91;3232249179;Normal
8;47;1;0.1702127659574468;8;0;1;192.168.53.142;3232249230;Normal
9;41;2;0.21951219512195122;9;0;1;192.168.53.182;3232249270;Normal
15;53;2;0.2830188679245283;15;0;1;192.168.53.211;3232249299;Port Scan
13;51;2;0.2549019607843137;13;0;1;192.168.53.219;3232249307;Port Scan
8;44;2;0.18181818181818182;8;0;1;192.168.54.188;3232249532;Normal
6;53;1;0.11320754716981132;6;0;1;192.168.54.232;3232249576;Normal
11;45;1;0.24444444444444444;11;0;1;192.168.55.31;3232249631;Port Scan
8;45;2;0.17777777777777778;8;0;1;192.168.55.112;3232249712;Normal
9;50;1;0.18;9;0;1;192.168.55.195;3232249795;Normal
12;59;2;0.2033898305084746;12;0;1;192.168.56.9;3232249865;Port Scan
9;48;2;0.1875;9;0;1;192.168.56.79;3232249935;Normal
17;53;2;0.32075471698113206;17;0;1;192.168.56.96;3232249952;Port Scan
8;59;2;0.13559322033898305;8;0;1;192.168.56.109;3232249965;Normal
11;58;2;0.1896551724137931;11;0;1;192.168.56.201;3232250057;Port Scan
9;30;2;0.3;9;0;1;192.168.57.54;3232250166;Normal
16;55;2;0.2909090909090909;16;0;1;192.168.57.56;3232250168;Port Scan
12;41;2;0.2926829268292683;12;0;1;192.168.57.68;3232250180;Port Scan
9;55;2;0.16363636363636364;9;0;1;192.168.57.82;3232250194;Normal
11;55;2;0.2;11;0;1;192.168.57.123;3232250235;Port Scan
10;51;2;0.19607843137254902;10;0;1;192.168.57.178;3232250290;Normal
7;32;2;0.21875;7;0;1;192.168.57.181;3232250293;Normal
10;47;1;0.2127659574468085;10;0;1;192.168.58.32;3232250400;Normal
15;51;2;0.29411764705882354;15;0;1;192.168.58.70;3232250438;Port Scan
12;43;2;0.27906976744186046;12;0;1;192.168.58.180;3232250548;Port Scan
6;32;2;0.1875;6;0;1;192.168.58.244;3232250612;Normal
7;52;1;0.1346153846153846;7;0;1;192.168.59.27;3232250651;Normal
8;56;1;0.14285714285714285;8;0;1;192.168.59.58;3232250682;Normal
6;56;2;0.10714285714285714;6;0;1;192.168.59.89;3232250713;Normal
7;36;2;0.19444444444444445;7;0;1;192.168.59.131;3232250755;Normal
7;44;1;0.1590909090909091;7;0;1;192.168.59.149;3232250773;Normal
7;49;1;0.14285714285714285;7;0;1;192.168.59.247;3232250871;Normal
3;48;1;0.0625;3;0;0;192.168.60.8;3232250888;Normal
4;30;1;0.13333333333333333;4;0;0;192.168.60.11;3232250891;Normal
9;56;2;0.16071428571428573;9;0;1;192.168.60.78;3232250958;Normal
8;53;2;0.1509433962264151;8;0;1;192.168.60.205;3232251085;Normal
11;53;1;0.20754716981132076;11;0;1;192.168.61.84;3232251220;Port Scan
10;47;1;0.2127659574468085;10;0;1;192.168.61.86;3232251222;Normal
12;50;2;0.24;12;0;1;192.168.61.129;3232251265;Port Scan
10;57;2;0.17543859649122806;10;0;1;192.168.61.141;3232251277;Normal
10;43;2;0.23255813953488372;10;0;1;192.168.62.7;3232251399;Normal
19;55;2;0.34545454545454546;19;0;1;192.168.62.70;3232251462;Port Scan
9;37;2;0.24324324324324326;9;0;1;192.168.62.166;3232251558;Normal
10;52;1;0.19230769230769232;10;0;1;192.168.62.224;3232251616;Normal
10;53;2;0.18867924528301888;10;0;1;192.168.63.11;3232251659;Normal
18;59;2;0.3050847457627119;18;0;1;192.168.63.28;3232251676;Port Scan
2;43;2;0.046511627906976744;2;0;0;192.168.63.71;3232251719;Normal
15;57;2;0.2631578947368421;15;0;1;192.168.63.145;3232251793;Port Scan
9;51;2;0.17647058823529413;9;0;1;192.168.63.210;3232251858;Normal
11;46;2;0.2391304347826087;11;0;1;192.168.64.36;3232251940;Port Scan
5;32;2;0.15625;5;0;1;192.168.64.39;3232251943;Normal
13;51;1;0.2549019607843137;13;0;1;192.168.64.194;3232252098;Port Scan
13;55;2;0.23636363636363636;13;0;1;192.168.64.226;3232252130;Port Scan
6;46;2;0.13043478260869565;6;0;1;192.168.65.89;3232252249;Normal
14;52;1;0.2692307692307692;14;0;1;192.168.65.98;3232252258;Port Scan
7;59;2;0.11864406779661017;7;0;1;192.168.66.42;3232252458;Normal
7;50;2;0.14;7;0;1;192.168.66.97;3232252513;Normal
12;51;2;0.23529411764705882;12;0;1;192.168.66.143;3232252559;Port Scan
12;41;2;0.2926829268292683;12;0;1;192.168.66.180;3232252596;Port Scan
9;50;2;0.18;9;0;1;192.168.66.190;3232252606;Normal
14;42;2;0.3333333333333333;14;0;1;192.168.66.216;3232252632;Port Scan
8;39;2;0.20512820512820512;8;0;1;192.168.68.86;3232253014;Normal
10;49;2;0.20408163265306123;10;0;1;192.168.68.99;3232253027;Normal
4;28;1;0.14285714285714285;4;0;0;192.168.68.181;3232253109;Normal
17;58;2;0.29310344827586204;17;0;1;192.168.68.192;3232253120;Port Scan
19;44;1;0.4318181818181818;19;0;1;192.168.69.149;3232253333;Port Scan
8;40;1;0.2;8;0;1;192.168.69.162;3232253346;Normal
7;49;2;0.14285714285714285;7;0;1;192.168.70.11;3232253451;Normal
7;51;2;0.13725490196078433;7;0;1;192.168.70.212;3232253652;Normal
12;51;2;0.23529411764705882;12;0;1;192.168.70.239;3232253679;Port Scan
10;51;1;0.19607843137254902;10;0;1;192.168.71.37;3232253733;Normal
11;38;2;0.2894736842105263;11;0;1;192.168.71.143;3232253839;Port Scan
14;43;2;0.32558139534883723;14;0;1;192.168.71.176;3232253872;Port Scan
3;18;1;0.16666666666666666;3;0;0;192.168.71.198;3232253894;Normal
13;48;2;0.2708333333333333;13;0;1;192.168.72.6;3232253958;Port Scan
7;50;1;0.14;7;0;1;192.168.73.37;3232254245;Normal
9;52;1;0.17307692307692307;9;0;1;192.168.73.38;3232254246;Normal
10;42;2;0.23809523809523808;10;0;1;192.168.73.115;3232254323;Normal
10;53;2;0.18867924528301888;10;0;1;192.168.74.20;3232254484;Normal
4;48;2;0.08333333333333333;4;0;0;192.168.74.31;3232254495;Normal
6;34;2;0.17647058823529413;6;0;1;192.168.74.46;3232254510;Normal
8;43;2;0.18604651162790697;8;0;1;192.168.74.53;3232254517;Normal
8;57;2;0.14035087719298245;8;0;1;192.168.74.62;3232254526;Normal
11;59;2;0.1864406779661017;11;0;1;192.168.74.115;3232254579;Port Scan
19;51;2;0.37254901960784315;19;0;1;192.168.74.169;3232254633;Port Scan
9;40;2;0.225;9;0;1;192.168.74.189;3232254653;Normal
13;46;2;0.2826086956521739;13;0;1;192.168.74.202;3232254666;Port Scan
7;52;2;0.1346153846153846;7;0;1;192.168.75.80;3232254800;Normal
9;49;2;0.1836734693877551;9;0;1;192.168.75.202;3232254922;Normal
12;59;2;0.2033898305084746;12;0;1;192.168.76.21;3232254997;Port Scan
8;37;1;0.21621621621621623;8;0;1;192.168.76.83;3232255059;Normal
15;55;2;0.2727272727272727;15;0;1;192.168.76.143;3232255119;Port Scan
7;45;2;0.15555555555555556;7;0;1;192.168.76.252;3232255228;Normal
7;43;2;0.16279069767441862;7;0;1;192.168.77.23;3232255255;Normal
8;38;1;0.21052631578947367;8;0;1;192.168.77.70;3232255302;Normal
8;35;1;0.22857142857142856;8;0;1;192.168.77.74;3232255306;Normal
11;53;2;0.20754716981132076;11;0;1;192.168.77.94;3232255326;Port Scan
9;57;1;0.15789473684210525;9;0;1;192.168.77.101;3232255333;Normal
10;36;1;0.2777777777777778;10;0;1;192.168.77.129;3232255361;Normal
7;43;2;0.16279069767441862;7;0;1;192.168.77.142;3232255374;Normal
15;49;2;0.30612244897959184;15;0;1;192.168.77.219;3232255451;Port Scan
14;49;2;0.2857142857142857;14;0;1;192.168.78.11;3232255499;Port Scan
9;50;1;0.18;9;0;1;192.168.78.26;3232255514;Normal
4;39;1;0.10256410256410256;4;0;0;192.168.78.29;3232255517;Normal
17;58;2;0.29310344827586204;17;0;1;192.168.79.91;3232255835;Port Scan
7;42;1;0.16666666666666666;7;0;1;192.168.79.114;3232255858;Normal
9;59;2;0.15254237288135594;9;0;1;192.168.79.137;3232255881;Normal
10;55;2;0.18181818181818182;10;0;1;192.168.79.183;3232255927;Normal
6;34;1;0.17647058823529413;6;0;1;192.168.79.214;3232255958;Normal
13;50;2;0.26;13;0;1;192.168.79.229;3232255973;Port Scan
14;55;2;0.2545454545454545;14;0;1;192.168.81.64;3232256320;Port Scan
10;53;1;0.18867924528301888;10;0;1;192.168.81.146;3232256402;Normal
12;52;2;0.23076923076923078;12;0;1;192.168.81.191;3232256447;Port Scan
13;50;2;0.26;13;0;1;192.168.81.230;3232256486;Port Scan
14;54;1;0.25925925925925924;14;0;1;192.168.81.239;3232256495;Port Scan
17;58;2;0.29310344827586204;17;0;1;192.168.81.242;3232256498;Port Scan
10;44;1;0.22727272727272727;10;0;1;192.168.82.40;3232256552;Normal
7;20;1;0.35;7;0;1;192.168.83.157;3232256925;Normal
10;56;2;0.17857142857142858;10;0;1;192.168.84.17;3232257041;Normal
12;49;2;0.24489795918367346;12;0;1;192.168.84.51;3232257075;Port Scan
13;53;2;0.24528301886792453;13;0;1;192.168.84.64;3232257088;Port Scan
8;53;2;0.1509433962264151;8;0;1;192.168.84.88;3232257112;Normal
3;43;1;0.06976744186046512;3;0;0;192.168.84.173;3232257197;Normal
11;51;2;0.21568627450980393;11;0;1;192.168.84.240;3232257264;Port Scan
12;56;1;0.21428571428571427;12;0;1;192.168.85.15;3232257295;Port Scan
9;50;2;0.18;9;0;1;192.168.85.51;3232257331;Normal
12;46;2;0.2608695652173913;12;0;1;192.168.85.131;3232257411;Port Scan
8;54;1;0.14814814814814814;8;0;1;192.168.85.133;3232257413;Normal
10;55;2;0.18181818181818182;10;0;1;192.168.85.161;3232257441;Normal
8;46;1;0.17391304347826086;8;0;1;192.168.85.243;3232257523;Normal
8;45;1;0.17777777777777778;8;0;1;192.168.86.223;3232257759;Normal
4;44;1;0.09090909090909091;4;0;0;192.168.87.170;3232257962;Normal
13;50;2;0.26;13;0;1;192.168.87.200;3232257992;Port Scan
9;57;1;0.15789473684210525;9;0;1;192.168.87.225;3232258017;Normal
10;49;1;0.20408163265306123;10;0;1;192.168.87.230;3232258022;Normal
11;59;1;0.1864406779661017;11;0;1;192.168.88.4;3232258052;Port Scan
10;56;1;0.17857142857142858;10;0;1;192.168.88.7;3232258055;Normal
15;48;2;0.3125;15;0;1;192.168.88.19;3232258067;Port Scan
9;56;1;0.16071428571428573;9;0;1;192.168.88.147;3232258195;Normal
5;53;1;0.09433962264150944;5;0;1;192.168.88.191;3232258239;Normal
8;53;1;0.1509433962264151;8;0;1;192.168.88.229;3232258277;Normal
8;53;1;0.1509433962264151;8;0;1;192.168.89.35;3232258339;Normal
14;55;1;0.2545454545454545;14;0;1;192.168.89.249;3232258553;Port Scan
7;54;2;0.12962962962962962;7;0;1;192.168.91.145;3232258961;Normal
7;51;2;0.13725490196078433;7;0;1;192.168.91.173;3232258989;Normal
4;42;2;0.09523809523809523;4;0;0;192.168.92.184;3232259256;Normal
5;45;2;0.1111111111111111;5;0;1;192.168.92.204;3232259276;Normal
6;52;2;0.11538461538461539;6;0;1;192.168.93.106;3232259434;Normal
12;54;2;0.2222222222222222;12;0;1;192.168.93.223;3232259551;Port Scan
7;36;2;0.19444444444444445;7;0;1;192.168.93.232;3232259560;Normal
9;59;1;0.15254237288135594;9;0;1;192.168.94.141;3232259725;Normal
14;58;1;0.2413793103448276;14;0;1;192.168.94.225;3232259809;Port Scan
8;47;2;0.1702127659574468;8;0;1;192.168.94.232;3232259816;Normal
10;56;2;0.17857142857142858;10;0;1;192.168.95.8;3232259848;Normal
10;47;2;0.2127659574468085;10;0;1;192.168.95.30;3232259870;Normal
8;54;2;0.14814814814814814;8;0;1;192.168.95.41;3232259881;Normal
10;54;2;0.18518518518518517;10;0;1;192.168.95.61;3232259901;Normal
9;47;2;0.19148936170212766;9;0;1;192.168.95.151;3232259991;Normal
6;30;1;0.2;6;0;1;192.168.95.191;3232260031;Normal
9;52;2;0.17307692307692307;9;0;1;192.168.96.116;3232260212;Normal
15;54;2;0.2777777777777778;15;0;1;192.168.96.131;3232260227;Port Scan
9;41;1;0.21951219512195122;9;0;1;192.168.96.160;3232260256;Normal
7;40;1;0.175;7;0;1;192.168.97.45;3232260397;Normal
15;58;2;0.25862068965517243;15;0;1;192.168.97.140;3232260492;Port Scan
16;56;2;0.2857142857142857;16;0;1;192.168.97.144;3232260496;Port Scan
4;41;1;0.0975609756097561;4;0;0;192.168.97.155;3232260507;Normal
7;39;1;0.1794871794871795;7;0;1;192.168.97.207;3232260559;Normal
8;51;2;0.1568627450980392;8;0;1;192.168.98.133;3232260741;Normal
10;52;2;0.19230769230769232;10;0;1;192.168.98.190;3232260798;Normal
6;46;2;0.13043478260869565;6;0;1;192.168.99.42;3232260906;Normal
10;43;2;0.23255813953488372;10;0;1;192.168.99.137;3232261001;Normal
9;52;2;0.17307692307692307;9;0;1;192.168.99.228;3232261092;Normal
10;48;2;0.20833333333333334;10;0;1;192.168.100.28;3232261148;Normal
10;50;2;0.2;10;0;1;192.168.100.36;3232261156;Normal
6;50;1;0.12;6;0;1;192.168.100.105;3232261225;Normal
8;55;2;0.14545454545454545;8;0;1;192.168.100.127;3232261247;Normal
11;53;1;0.20754716981132076;11;0;1;192.168.100.186;3232261306;Port Scan
9;32;1;0.28125;9;0;1;192.168.101.31;3232261407;Normal
9;57;2;0.15789473684210525;9;0;1;192.168.101.135;3232261511;Normal
12;58;2;0.20689655172413793;12;0;1;192.168.101.136;3232261512;Port Scan
9;56;1;0.16071428571428573;9;0;1;192.168.101.191;3232261567;Normal
8;50;2;0.16;8;0;1;192.168.101.203;3232261579;Normal
9;47;2;0.19148936170212766;9;0;1;192.168.102.128;3232261760;Normal
13;50;2;0.26;13;0;1;192.168.102.141;3232261773;Port Scan
8;38;2;0.21052631578947367;8;0;1;192.168.102.246;3232261878;Normal
11;49;1;0.22448979591836735;11;0;1;192.168.103.119;3232262007;Port Scan
10;47;2;0.2127659574468085;10;0;1;192.168.103.124;3232262012;Normal
10;53;1;0.18867924528301888;10;0;1;192.168.104.18;3232262162;Normal
7;47;2;0.14893617021276595;7;0;1;192.168.104.66;3232262210;Normal
12;53;1;0.22641509433962265;12;0;1;192.168.104.95;3232262239;Port Scan
10;50;1;0.2;10;0;1;192.168.104.129;3232262273;Normal
11;43;2;0.2558139534883721;11;0;1;192.168.104.168;3232262312;Port Scan
8;47;2;0.1702127659574468;8;0;1;192.168.104.218;3232262362;Normal
10;55;2;0.18181818181818182;10;0;1;192.168.105.4;3232262404;Normal
14;51;2;0.27450980392156865;14;0;1;192.168.105.87;3232262487;Port Scan
8;53;1;0.1509433962264151;8;0;1;192.168.106.19;3232262675;Normal
10;44;2;0.22727272727272727;10;0;1;192.168.106.200;3232262856;Normal
15;58;2;0.25862068965517243;15;0;1;192.168.107.6;3232262918;Port Scan
11;40;2;0.275;11;0;1;192.168.107.54;3232262966;Port Scan
10;50;2;0.2;10;0;1;192.168.107.70;3232262982;Normal
13;54;2;0.24074074074074073;13;0;1;192.168.107.82;3232262994;Port Scan
5;46;1;0.10869565217391304;5;0;1;192.168.107.101;3232263013;Normal
10;49;1;0.20408163265306123;10;0;1;192.168.107.105;3232263017;Normal
8;53;2;0.1509433962264151;8;0;1;192.168.107.120;3232263032;Normal
13;56;1;0.23214285714285715;13;0;1;192.168.107.124;3232263036;Port Scan
11;47;2;0.23404255319148937;11;0;1;192.168.107.252;3232263164;Port Scan
5;36;1;0.1388888888888889;5;0;1;192.168.108.28;3232263196;Normal
7;52;2;0.1346153846153846;7;0;1;192.168.108.38;3232263206;Normal
9;51;2;0.17647058823529413;9;0;1;192.168.108.131;3232263299;Normal
12;56;2;0.21428571428571427;12;0;1;192.168.108.155;3232263323;Port Scan
13;43;1;0.3023255813953488;13;0;1;192.168.108.162;3232263330;Port Scan
17;56;2;0.30357142857142855;17;0;1;192.168.108.227;3232263395;Port Scan
5;35;1;0.14285714285714285;5;0;1;192.168.108.244;3232263412;Normal
3;22;1;0.13636363636363635;3;0;0;192.168.109.25;3232263449;Normal
15;51;1;0.29411764705882354;15;0;1;192.168.109.148;3232263572;Port Scan
12;50;2;0.24;12;0;1;192.168.110.20;3232263700;Port Scan
5;37;1;0.13513513513513514;5;0;1;192.168.110.32;3232263712;Normal
6;51;1;0.11764705882352941;6;0;1;192.168.110.193;3232263873;Normal
12;42;1;0.2857142857142857;12;0;1;192.168.110.224;3232263904;Port Scan
9;56;1;0.16071428571428573;9;0;1;192.168.110.233;3232263913;Normal
8;54;2;0.14814814814814814;8;0;1;192.168.111.5;3232263941;Normal
11;59;2;0.1864406779661017;11;0;1;192.168.111.18;3232263954;Port Scan
9;46;2;0.1956521739130435;9;0;1;192.168.111.27;3232263963;Normal
8;39;1;0.20512820512820512;8;0;1;192.168.111.41;3232263977;Normal
10;55;1;0.18181818181818182;10;0;1;192.168.111.128;3232264064;Normal
11;31;2;0.3548387096774194;11;0;1;192.168.111.162;3232264098;Port Scan
4;12;1;0.3333333333333333;4;0;0;192.168.111.203;3232264139;Normal
13;57;2;0.22807017543859648;13;0;1;192.168.112.9;3232264201;Port Scan
9;50;1;0.18;9;0;1;192.168.112.86;3232264278;Normal
8;52;2;0.15384615384615385;8;0;1;192.168.112.87;3232264279;Normal
13;48;2;0.2708333333333333;13;0;1;192.168.112.107;3232264299;Port Scan
16;58;2;0.27586206896551724;16;0;1;192.168.112.118;3232264310;Port Scan
8;35;2;0.22857142857142856;8;0;1;192.168.113.64;3232264512;Normal
6;53;2;0.11320754716981132;6;0;1;192.168.113.76;3232264524;Normal
9;33;1;0.2727272727272727;9;0;1;192.168.113.187;3232264635;Normal
6;44;1;0.13636363636363635;6;0;1;192.168.113.191;3232264639;Normal
9;30;2;0.3;9;0;1;192.168.114.30;3232264734;Normal
7;45;2;0.15555555555555556;7;0;1;192.168.114.99;3232264803;Normal
6;39;1;0.15384615384615385;6;0;1;192.168.114.185;3232264889;Normal
14;52;2;0.2692307692307692;14;0;1;192.168.114.198;3232264902;Port Scan
8;55;1;0.14545454545454545;8;0;1;192.168.114.200;3232264904;Normal
11;55;1;0.2;11;0;1;192.168.114.231;3232264935;Port Scan
9;50;2;0.18;9;0;1;192.168.115.25;3232264985;Normal
7;39;1;0.1794871794871795;7;0;1;192.168.116.8;3232265224;Normal
7;59;1;0.11864406779661017;7;0;1;192.168.116.57;3232265273;Normal
12;54;2;0.2222222222222222;12;0;1;192.168.116.195;3232265411;Port Scan
8;24;2;0.3333333333333333;8;0;1;192.168.116.249;3232265465;Normal
9;50;1;0.18;9;0;1;192.168.117.13;3232265485;Normal
7;42;1;0.16666666666666666;7;0;1;192.168.117.98;3232265570;Normal
14;55;2;0.2545454545454545;14;0;1;192.168.117.102;3232265574;Port Scan
8;35;1;0.22857142857142856;8;0;1;192.168.117.165;3232265637;Normal
11;55;1;0.2;11;0;1;192.168.117.197;3232265669;Port Scan
9;56;1;0.16071428571428573;9;0;1;192.168.118.32;3232265760;Normal
10;45;1;0.2222222222222222;10;0;1;192.168.118.63;3232265791;Normal
12;48;1;0.25;12;0;1;192.168.118.135;3232265863;Port Scan
7;43;1;0.16279069767441862;7;0;1;192.168.119.69;3232266053;Normal
8;54;1;0.14814814814814814;8;0;1;192.168.119.177;3232266161;Normal
11;55;2;0.2;11;0;1;192.168.119.198;3232266182;Port Scan
14;59;2;0.23728813559322035;14;0;1;192.168.119.254;3232266238;Port Scan
3;14;1;0.21428571428571427;3;0;0;192.168.120.155;3232266395;Normal
13;58;1;0.22413793103448276;13;0;1;192.168.121.38;3232266534;Port Scan
15;56;2;0.26785714285714285;15;0;1;192.168.121.56;3232266552;Port Scan
10;53;2;0.18867924528301888;10;0;1;192.168.121.64;3232266560;Normal
11;56;1;0.19642857142857142;11;0;1;192.168.121.107;3232266603;Port Scan
13;48;2;0.2708333333333333;13;0;1;192.168.121.119;3232266615;Port Scan
13;47;2;0.2765957446808511;13;0;1;192.168.121.197;3232266693;Port Scan
6;32;1;0.1875;6;0;1;192.168.122.5;3232266757;Normal
12;47;2;0.2553191489361702;12;0;1;192.168.122.30;3232266782;Port Scan
8;53;1;0.1509433962264151;8;0;1;192.168.122.73;3232266825;Normal
9;47;2;0.19148936170212766;9;0;1;192.168.122.111;3232266863;Normal
9;55;2;0.16363636363636364;9;0;1;192.168.122.153;3232266905;Normal
7;40;2;0.175;7;0;1;192.168.122.222;3232266974;Normal
4;36;2;0.1111111111111111;4;0;0;192.168.123.24;3232267032;Normal
9;55;1;0.16363636363636364;9;0;1;192.168.123.93;3232267101;Normal
9;56;1;0.16071428571428573;9;0;1;192.168.123.94;3232267102;Normal
11;55;2;0.2;11;0;1;192.168.123.206;3232267214;Port Scan
6;48;2;0.125;6;0;1;192.168.124.10;3232267274;Normal
13;56;2;0.23214285714285715;13;0;1;192.168.124.48;3232267312;Port Scan
5;36;2;0.1388888888888889;5;0;1;192.168.124.50;3232267314;Normal
9;58;2;0.15517241379310345;9;0;1;192.168.124.115;3232267379;Normal
10;58;2;0.1724137931034483;10;0;1;192.168.124.125;3232267389;Normal
7;55;2;0.12727272727272726;7;0;1;192.168.124.127;3232267391;Normal
10;47;2;0.2127659574468085;10;0;1;192.168.124.206;3232267470;Normal
6;59;2;0.1016949152542373;6;0;1;192.168.125.16;3232267536;Normal
4;26;2;0.15384615384615385;4;0;0;192.168.125.191;3232267711;Normal
10;49;1;0.20408163265306123;10;0;1;192.168.125.240;3232267760;Normal
5;47;1;0.10638297872340426;5;0;1;192.168.126.19;3232267795;Normal
7;49;2;0.14285714285714285;7;0;1;192.168.126.158;3232267934;Normal
11;55;1;0.2;11;0;1;192.168.126.184;3232267960;Port Scan
13;58;2;0.22413793103448276;13;0;1;192.168.126.185;3232267961;Port Scan
8;50;1;0.16;8;0;1;192.168.127.81;3232268113;Normal
13;47;2;0.2765957446808511;13;0;1;192.168.127.233;3232268265;Port Scan
10;56;2;0.17857142857142858;10;0;1;192.168.128.85;3232268373;Normal
12;56;2;0.21428571428571427;12;0;1;192.168.128.87;3232268375;Port Scan
13;56;2;0.23214285714285715;13;0;1;192.168.128.104;3232268392;Port Scan
6;56;1;0.10714285714285714;6;0;1;192.168.128.145;3232268433;Normal
11;46;1;0.2391304347826087;11;0;1;192.168.128.184;3232268472;Port Scan
10;38;2;0.2631578947368421;10;0;1;192.168.129.82;3232268626;Normal
11;52;2;0.21153846153846154;11;0;1;192.168.129.229;3232268773;Port Scan
11;59;2;0.1864406779661017;11;0;1;192.168.130.110;3232268910;Port Scan
9;51;1;0.17647058823529413;9;0;1;192.168.130.153;3232268953;Normal
10;58;1;0.1724137931034483;10;0;1;192.168.130.167;3232268967;Normal
22;57;2;0.38596491228070173;22;0;1;192.168.130.200;3232269000;Port Scan
6;46;2;0.13043478260869565;6;0;1;192.168.131.90;3232269146;Normal
6;28;2;0.21428571428571427;6;0;1;192.168.132.15;3232269327;Normal
5;23;1;0.21739130434782608;5;0;1;192.168.132.22;3232269334;Normal
5;45;1;0.1111111111111111;5;0;1;192.168.132.55;3232269367;Normal
11;49;2;0.22448979591836735;11;0;1;192.168.132.59;3232269371;Port Scan
8;34;2;0.23529411764705882;8;0;1;192.168.132.103;3232269415;Normal
7;46;1;0.15217391304347827;7;0;1;192.168.132.106;3232269418;Normal
11;56;2;0.19642857142857142;11;0;1;192.168.132.126;3232269438;Port Scan
5;39;1;0.1282051282051282;5;0;1;192.168.132.161;3232269473;Normal
17;52;2;0.3269230769230769;17;0;1;192.168.133.7;3232269575;Port Scan
7;52;2;0.1346153846153846;7;0;1;192.168.133.41;3232269609;Normal
12;54;2;0.2222222222222222;12;0;1;192.168.134.33;3232269857;Port Scan
9;52;1;0.17307692307692307;9;0;1;192.168.134.84;3232269908;Normal
13;57;2;0.22807017543859648;13;0;1;192.168.134.114;3232269938;Port Scan
14;49;1;0.2857142857142857;14;0;1;192.168.134.163;3232269987;Port Scan
7;49;1;0.14285714285714285;7;0;1;192.168.134.167;3232269991;Normal
6;37;1;0.16216216216216217;6;0;1;192.168.134.238;3232270062;Normal
10;54;2;0.18518518518518517;10;0;1;192.168.135.219;3232270299;Normal
13;54;2;0.24074074074074073;13;0;1;192.168.135.233;3232270313;Port Scan
13;49;2;0.2653061224489796;13;0;1;192.168.135.242;3232270322;Port Scan
21;57;2;0.3684210526315789;21;0;1;192.168.135.254;3232270334;Port Scan
8;45;1;0.17777777777777778;8;0;1;192.168.136.217;3232270553;Normal
8;44;1;0.18181818181818182;8;0;1;192.168.137.2;3232270594;Normal
19;53;2;0.3584905660377358;19;0;1;192.168.137.11;3232270603;Port Scan
14;41;2;0.34146341463414637;14;0;1;192.168.137.153;3232270745;Port Scan
8;45;2;0.17777777777777778;8;0;1;192.168.137.177;3232270769;Normal
9;54;1;0.16666666666666666;9;0;1;192.168.137.217;3232270809;Normal
14;55;2;0.2545454545454545;14;0;1;192.168.138.37;3232270885;Port Scan
11;49;2;0.22448979591836735;11;0;1;192.168.138.131;3232270979;Port Scan
9;49;2;0.1836734693877551;9;0;1;192.168.138.183;3232271031;Normal
8;36;2;0.2222222222222222;8;0;1;192.168.139.7;3232271111;Normal
11;52;1;0.21153846153846154;11;0;1;192.168.139.81;3232271185;Port Scan
8;50;1;0.16;8;0;1;192.168.139.96;3232271200;Normal
10;45;1;0.2222222222222222;10;0;1;192.168.139.132;3232271236;Normal
6;58;2;0.10344827586206896;6;0;1;192.168.139.147;3232271251;Normal
9;52;2;0.17307692307692307;9;0;1;192.168.140.160;3232271520;Normal
9;31;1;0.2903225806451613;9;0;1;192.168.140.199;3232271559;Normal
9;49;1;0.1836734693877551;9;0;1;192.168.140.227;3232271587;Normal
14;57;2;0.24561403508771928;14;0;1;192.168.140.237;3232271597;Port Scan
8;32;2;0.25;8;0;1;192.168.141.165;3232271781;Normal
17;58;2;0.29310344827586204;17;0;1;192.168.141.193;3232271809;Port Scan
6;33;1;0.18181818181818182;6;0;1;192.168.142.92;3232271964;Normal
7;38;2;0.18421052631578946;7;0;1;192.168.142.191;3232272063;Normal
14;59;2;0.23728813559322035;14;0;1;192.168.143.24;3232272152;Port Scan
7;43;1;0.16279069767441862;7;0;1;192.168.144.3;3232272387;Normal
10;49;2;0.20408163265306123;10;0;1;192.168.144.13;3232272397;Normal
10;56;2;0.17857142857142858;10;0;1;192.168.144.166;3232272550;Normal
8;52;1;0.15384615384615385;8;0;1;192.168.144.204;3232272588;Normal
5;44;1;0.11363636363636363;5;0;1;192.168.145.187;3232272827;Normal
9;54;2;0.16666666666666666;9;0;1;192.168.146.30;3232272926;Normal
14;52;2;0.2692307692307692;14;0;1;192.168.146.183;3232273079;Port Scan
18;48;2;0.375;18;0;1;192.168.146.220;3232273116;Port Scan
10;53;2;0.18867924528301888;10;0;1;192.168.147.20;3232273172;Normal
10;36;2;0.2777777777777778;10;0;1;192.168.147.72;3232273224;Normal
9;51;2;0.17647058823529413;9;0;1;192.168.147.187;3232273339;Normal
7;50;1;0.14;7;0;1;192.168.147.214;3232273366;Normal
10;36;2;0.2777777777777778;10;0;1;192.168.147.227;3232273379;Normal
6;35;1;0.17142857142857143;6;0;1;192.168.148.7;3232273415;Normal
15;57;2;0.2631578947368421;15;0;1;192.168.148.31;3232273439;Port Scan
8;57;2;0.14035087719298245;8;0;1;192.168.148.94;3232273502;Normal
11;51;2;0.21568627450980393;11;0;1;192.168.149.111;3232273775;Port Scan
11;54;2;0.2037037037037037;11;0;1;192.168.149.117;3232273781;Port Scan
14;58;2;0.2413793103448276;14;0;1;192.168.150.243;3232274163;Port Scan
29;49;2;0.5918367346938775;29;0;1;192.168.151.1;3232274177;Port Scan
12;37;2;0.32432432432432434;12;0;1;192.168.151.12;3232274188;Port Scan
7;29;2;0.2413793103448276;7;0;1;192.168.151.13;3232274189;Normal
9;56;2;0.16071428571428573;9;0;1;192.168.151.77;3232274253;Normal
8;47;1;0.1702127659574468;8;0;1;192.168.151.204;3232274380;Normal
11;40;1;0.275;11;0;1;192.168.152.4;3232274436;Port Scan
11;43;2;0.2558139534883721;11;0;1;192.168.152.9;3232274441;Port Scan
13;32;1;0.40625;13;0;1;192.168.152.17;3232274449;Port Scan
11;56;2;0.19642857142857142;11;0;1;192.168.152.101;3232274533;Port Scan
13;55;2;0.23636363636363636;13;0;1;192.168.152.150;3232274582;Port Scan
10;52;2;0.19230769230769232;10;0;1;192.168.152.229;3232274661;Normal
7;44;1;0.1590909090909091;7;0;1;192.168.153.42;3232274730;Normal
11;46;2;0.2391304347826087;11;0;1;192.168.153.82;3232274770;Port Scan
8;41;2;0.1951219512195122;8;0;1;192.168.153.135;3232274823;Normal
11;56;2;0.19642857142857142;11;0;1;192.168.153.151;3232274839;Port Scan
11;54;2;0.2037037037037037;11;0;1;192.168.153.153;3232274841;Port Scan
9;40;1;0.225;9;0;1;192.168.153.170;3232274858;Normal
5;39;2;0.1282051282051282;5;0;1;192.168.153.178;3232274866;Normal
9;46;2;0.1956521739130435;9;0;1;192.168.154.239;3232275183;Normal
10;49;2;0.20408163265306123;10;0;1;192.168.155.10;3232275210;Normal
8;53;2;0.1509433962264151;8;0;1;192.168.155.25;3232275225;Normal
11;51;1;0.21568627450980393;11;0;1;192.168.155.158;3232275358;Port Scan
7;32;2;0.21875;7;0;1;192.168.155.186;3232275386;Normal
12;56;1;0.21428571428571427;12;0;1;192.168.156.88;3232275544;Port Scan
9;53;1;0.16981132075471697;9;0;1;192.168.156.234;3232275690;Normal
10;50;1;0.2;10;0;1;192.168.157.42;3232275754;Normal
9;41;2;0.21951219512195122;9;0;1;192.168.157.95;3232275807;Normal
7;40;2;0.175;7;0;1;192.168.157.114;3232275826;Normal
7;57;1;0.12280701754385964;7;0;1;192.168.157.144;3232275856;Normal
9;47;1;0.19148936170212766;9;0;1;192.168.157.246;3232275958;Normal
15;50;2;0.3;15;0;1;192.168.158.57;3232276025;Port Scan
9;35;1;0.2571428571428571;9;0;1;192.168.158.249;3232276217;Normal
6;46;2;0.13043478260869565;6;0;1;192.168.159.24;3232276248;Normal
13;51;2;0.2549019607843137;13;0;1;192.168.159.94;3232276318;Port Scan
10;54;2;0.18518518518518517;10;0;1;192.168.159.209;3232276433;Normal
7;34;2;0.20588235294117646;7;0;1;192.168.159.247;3232276471;Normal
14;56;1;0.25;14;0;1;192.168.160.48;3232276528;Port Scan
4;40;1;0.1;4;0;0;192.168.160.66;3232276546;Normal
9;36;2;0.25;9;0;1;192.168.160.109;3232276589;Normal
9;58;2;0.15517241379310345;9;0;1;192.168.160.182;3232276662;Normal
6;50;2;0.12;6;0;1;192.168.160.196;3232276676;Normal
15;58;2;0.25862068965517243;15;0;1;192.168.160.203;3232276683;Port Scan
10;50;1;0.2;10;0;1;192.168.160.232;3232276712;Normal
5;36;2;0.1388888888888889;5;0;1;192.168.161.14;3232276750;Normal
12;39;2;0.3076923076923077;12;0;1;192.168.161.33;3232276769;Port Scan
9;37;2;0.24324324324324326;9;0;1;192.168.161.53;3232276789;Normal
7;52;2;0.1346153846153846;7;0;1;192.168.161.81;3232276817;Normal
6;41;2;0.14634146341463414;6;0;1;192.168.161.124;3232276860;Normal
15;54;2;0.2777777777777778;15;0;1;192.168.161.243;3232276979;Port Scan
6;33;2;0.18181818181818182;6;0;1;192.168.162.13;3232277005;Normal
5;44;2;0.11363636363636363;5;0;1;192.168.162.59;3232277051;Normal
4;40;2;0.1;4;0;0;192.168.162.74;3232277066;Normal
9;46;1;0.1956521739130435;9;0;1;192.168.162.88;3232277080;Normal
13;50;2;0.26;13;0;1;192.168.162.125;3232277117;Port Scan
15;57;2;0.2631578947368421;15;0;1;192.168.162.222;3232277214;Port Scan
10;57;2;0.17543859649122806;10;0;1;192.168.163.18;3232277266;Normal
8;49;2;0.16326530612244897;8;0;1;192.168.163.100;3232277348;Normal
15;52;2;0.28846153846153844;15;0;1;192.168.163.205;3232277453;Port Scan
7;45;1;0.15555555555555556;7;0;1;192.168.164.11;3232277515;Normal
7;21;2;0.3333333333333333;7;0;1;192.168.164.123;3232277627;Normal
7;53;1;0.1320754716981132;7;0;1;192.168.164.155;3232277659;Normal
11;41;2;0.2682926829268293;11;0;1;192.168.164.190;3232277694;Port Scan
7;38;1;0.18421052631578946;7;0;1;192.168.165.6;3232277766;Normal
9;36;2;0.25;9;0;1;192.168.165.106;3232277866;Normal
10;48;1;0.20833333333333334;10;0;1;192.168.165.117;3232277877;Normal
9;57;2;0.15789473684210525;9;0;1;192.168.165.202;3232277962;Normal
12;52;2;0.23076923076923078;12;0;1;192.168.166.64;3232278080;Port Scan
10;56;2;0.17857142857142858;10;0;1;192.168.166.187;3232278203;Normal
8;50;1;0.16;8;0;1;192.168.166.191;3232278207;Normal
10;42;2;0.23809523809523808;10;0;1;192.168.166.239;3232278255;Normal
9;51;1;0.17647058823529413;9;0;1;192.168.167.55;3232278327;Normal
8;35;2;0.22857142857142856;8;0;1;192.168.167.71;3232278343;Normal
4;13;1;0.3076923076923077;4;0;0;192.168.167.89;3232278361;Normal
11;56;2;0.19642857142857142;11;0;1;192.168.167.93;3232278365;Port Scan
9;47;2;0.19148936170212766;9;0;1;192.168.167.144;3232278416;Normal
11;55;2;0.2;11;0;1;192.168.167.175;3232278447;Port Scan
10;49;1;0.20408163265306123;10;0;1;192.168.168.43;3232278571;Normal
8;55;2;0.14545454545454545;8;0;1;192.168.168.60;3232278588;Normal
15;55;2;0.2727272727272727;15;0;1;192.168.168.122;3232278650;Port Scan
6;49;1;0.12244897959183673;6;0;1;192.168.168.134;3232278662;Normal
9;43;2;0.20930232558139536;9;0;1;192.168.169.3;3232278787;Normal
10;48;2;0.20833333333333334;10;0;1;192.168.169.190;3232278974;Normal
7;37;1;0.1891891891891892;7;0;1;192.168.170.37;3232279077;Normal
5;47;1;0.10638297872340426;5;0;1;192.168.170.52;3232279092;Normal
9;53;2;0.16981132075471697;9;0;1;192.168.170.67;3232279107;Normal
18;51;2;0.35294117647058826;18;0;1;192.168.170.194;3232279234;Port Scan
10;44;1;0.22727272727272727;10;0;1;192.168.170.233;3232279273;Normal
6;38;1;0.15789473684210525;6;0;1;192.168.171.13;3232279309;Normal
3;27;1;0.1111111111111111;3;0;0;192.168.171.19;3232279315;Normal
6;42;1;0.14285714285714285;6;0;1;192.168.171.20;3232279316;Normal
9;36;2;0.25;9;0;1;192.168.171.84;3232279380;Normal
8;32;2;0.25;8;0;1;192.168.171.87;3232279383;Normal
5;53;1;0.09433962264150944;5;0;1;192.168.171.112;3232279408;Normal
7;27;2;0.25925925925925924;7;0;1;192.168.171.158;3232279454;Normal
5;34;2;0.14705882352941177;5;0;1;192.168.171.171;3232279467;Normal
8;52;1;0.15384615384615385;8;0;1;192.168.172.66;3232279618;Normal
5;42;2;0.11904761904761904;5;0;1;192.168.172.83;3232279635;Normal
11;56;2;0.19642857142857142;11;0;1;192.168.172.172;3232279724;Port Scan
6;48;1;0.125;6;0;1;192.168.172.187;3232279739;Normal
13;56;2;0.23214285714285715;13;0;1;192.168.172.214;3232279766;Port Scan
14;54;2;0.25925925925925924;14;0;1;192.168.173.8;3232279816;Port Scan
12;44;1;0.2727272727272727;12;0;1;192.168.173.105;3232279913;Port Scan
4;32;1;0.125;4;0;0;192.168.173.151;3232279959;Normal
7;45;1;0.15555555555555556;7;0;1;192.168.174.46;3232280110;Normal
14;52;2;0.2692307692307692;14;0;1;192.168.174.131;3232280195;Port Scan
7;53;1;0.1320754716981132;7;0;1;192.168.174.134;3232280198;Normal
8;47;2;0.1702127659574468;8;0;1;192.168.174.163;3232280227;Normal
11;49;1;0.22448979591836735;11;0;1;192.168.175.11;3232280331;Port Scan
15;50;2;0.3;15;0;1;192.168.176.1;3232280577;Port Scan
9;43;2;0.20930232558139536;9;0;1;192.168.176.208;3232280784;Normal
9;55;2;0.16363636363636364;9;0;1;192.168.176.224;3232280800;Normal
4;30;2;0.13333333333333333;4;0;0;192.168.177.28;3232280860;Normal
10;53;2;0.18867924528301888;10;0;1;192.168.177.66;3232280898;Normal
8;48;1;0.16666666666666666;8;0;1;192.168.177.105;3232280937;Normal
8;39;2;0.20512820512820512;8;0;1;192.168.177.114;3232280946;Normal
7;48;2;0.14583333333333334;7;0;1;192.168.177.146;3232280978;Normal
5;43;1;0.11627906976744186;5;0;1;192.168.177.206;3232281038;Normal
16;55;2;0.2909090909090909;16;0;1;192.168.177.224;3232281056;Port Scan
7;44;1;0.1590909090909091;7;0;1;192.168.177.250;3232281082;Normal
12;48;2;0.25;12;0;1;192.168.178.51;3232281139;Port Scan
11;53;2;0.20754716981132076;11;0;1;192.168.178.153;3232281241;Port Scan
6;50;2;0.12;6;0;1;192.168.178.171;3232281259;Normal
12;57;2;0.21052631578947367;12;0;1;192.168.178.241;3232281329;Port Scan
13;36;2;0.3611111111111111;13;0;1;192.168.179.96;3232281440;Port Scan
26;54;2;0.48148148148148145;26;0;1;192.168.179.174;3232281518;Port Scan
13;53;2;0.24528301886792453;13;0;1;192.168.179.228;3232281572;Port Scan
8;52;1;0.15384615384615385;8;0;1;192.168.180.8;3232281608;Normal
12;51;1;0.23529411764705882;12;0;1;192.168.180.27;3232281627;Port Scan
15;55;2;0.2727272727272727;15;0;1;192.168.180.98;3232281698;Port Scan
8;42;2;0.19047619047619047;8;0;1;192.168.180.169;3232281769;Normal
6;45;1;0.13333333333333333;6;0;1;192.168.180.179;3232281779;Normal
8;58;2;0.13793103448275862;8;0;1;192.168.181.40;3232281896;Normal
12;56;1;0.21428571428571427;12;0;1;192.168.181.239;3232282095;Port Scan
9;47;2;0.19148936170212766;9;0;1;192.168.182.28;3232282140;Normal
10;55;1;0.18181818181818182;10;0;1;192.168.182.37;3232282149;Normal
7;51;2;0.13725490196078433;7;0;1;192.168.182.41;3232282153;Normal
5;33;2;0.15151515151515152;5;0;1;192.168.182.86;3232282198;Normal
7;54;1;0.12962962962962962;7;0;1;192.168.182.114;3232282226;Normal
9;45;2;0.2;9;0;1;192.168.182.138;3232282250;Normal
13;53;2;0.24528301886792453;13;0;1;192.168.182.142;3232282254;Port Scan
8;49;2;0.16326530612244897;8;0;1;192.168.182.146;3232282258;Normal
4;30;2;0.13333333333333333;4;0;0;192.168.182.154;3232282266;Normal
6;45;1;0.13333333333333333;6;0;1;192.168.183.24;3232282392;Normal
11;28;2;0.39285714285714285;11;0;1;192.168.183.81;3232282449;Port Scan
3;21;2;0.14285714285714285;3;0;0;192.168.183.96;3232282464;Normal
14;41;2;0.34146341463414637;14;0;1;192.168.184.50;3232282674;Port Scan
6;40;1;0.15;6;0;1;192.168.184.56;3232282680;Normal
6;44;1;0.13636363636363635;6;0;1;192.168.184.95;3232282719;Normal
12;40;2;0.3;12;0;1;192.168.184.108;3232282732;Port Scan
4;51;2;0.0784313725490196;4;0;0;192.168.184.158;3232282782;Normal
7;49;1;0.14285714285714285;7;0;1;192.168.184.207;3232282831;Normal
12;54;2;0.2222222222222222;12;0;1;192.168.184.215;3232282839;Port Scan
7;55;1;0.12727272727272726;7;0;1;192.168.185.33;3232282913;Normal
10;36;1;0.2777777777777778;10;0;1;192.168.185.137;3232283017;Normal
14;49;2;0.2857142857142857;14;0;1;192.168.185.167;3232283047;Port Scan
7;33;1;0.21212121212121213;7;0;1;192.168.185.199;3232283079;Normal
10;59;2;0.1694915254237288;10;0;1;192.168.185.212;3232283092;Normal
8;57;2;0.14035087719298245;8;0;1;192.168.186.11;3232283147;Normal
11;55;1;0.2;11;0;1;192.168.186.52;3232283188;Port Scan
2;23;1;0.08695652173913043;2;0;0;192.168.186.102;3232283238;Normal
6;49;2;0.12244897959183673;6;0;1;192.168.186.205;3232283341;Normal
11;37;2;0.2972972972972973;11;0;1;192.168.186.232;3232283368;Port Scan
6;46;2;0.13043478260869565;6;0;1;192.168.187.7;3232283399;Normal
12;57;2;0.21052631578947367;12;0;1;192.168.187.17;3232283409;Port Scan
13;57;2;0.22807017543859648;13;0;1;192.168.187.103;3232283495;Port Scan
11;55;1;0.2;11;0;1;192.168.187.236;3232283628;Port Scan
7;47;1;0.14893617021276595;7;0;1;192.168.188.108;3232283756;Normal
5;57;1;0.08771929824561403;5;0;1;192.168.188.153;3232283801;Normal
9;59;2;0.15254237288135594;9;0;1;192.168.188.179;3232283827;Normal
5;44;2;0.11363636363636363;5;0;1;192.168.188.240;3232283888;Normal
6;56;1;0.10714285714285714;6;0;1;192.168.189.3;3232283907;Normal
8;44;1;0.18181818181818182;8;0;1;192.168.189.26;3232283930;Normal
12;46;1;0.2608695652173913;12;0;1;192.168.189.139;3232284043;Port Scan
9;48;1;0.1875;9;0;1;192.168.190.43;3232284203;Normal
11;44;2;0.25;11;0;1;192.168.190.125;3232284285;Port Scan
8;54;1;0.14814814814814814;8;0;1;192.168.190.138;3232284298;Normal
11;56;2;0.19642857142857142;11;0;1;192.168.190.143;3232284303;Port Scan
10;53;2;0.18867924528301888;10;0;1;192.168.190.149;3232284309;Normal
7;54;2;0.12962962962962962;7;0;1;192.168.190.177;3232284337;Normal
16;56;1;0.2857142857142857;16;0;1;192.168.190.195;3232284355;Port Scan
8;47;1;0.1702127659574468;8;0;1;192.168.191.92;3232284508;Normal
10;35;2;0.2857142857142857;10;0;1;192.168.191.98;3232284514;Normal
8;49;1;0.16326530612244897;8;0;1;192.168.191.124;3232284540;Normal
10;54;2;0.18518518518518517;10;0;1;192.168.191.131;3232284547;Normal
2;27;1;0.07407407407407407;2;0;0;192.168.191.240;3232284656;Normal
12;59;2;0.2033898305084746;12;0;1;192.168.192.20;3232284692;Port Scan
10;49;2;0.20408163265306123;10;0;1;192.168.192.214;3232284886;Normal
8;58;1;0.13793103448275862;8;0;1;192.168.193.121;3232285049;Normal
10;59;2;0.1694915254237288;10;0;1;192.168.193.152;3232285080;Normal
13;56;1;0.23214285714285715;13;0;1;192.168.193.153;3232285081;Port Scan
8;34;2;0.23529411764705882;8;0;1;192.168.194.67;3232285251;Normal
10;53;2;0.18867924528301888;10;0;1;192.168.194.135;3232285319;Normal
10;54;1;0.18518518518518517;10;0;1;192.168.196.3;3232285699;Normal
9;44;1;0.20454545454545456;9;0;1;192.168.196.17;3232285713;Normal
9;59;2;0.15254237288135594;9;0;1;192.168.196.49;3232285745;Normal
7;46;2;0.15217391304347827;7;0;1;192.168.196.140;3232285836;Normal
8;51;2;0.1568627450980392;8;0;1;192.168.196.209;3232285905;Normal
7;43;1;0.16279069767441862;7;0;1;192.168.196.216;3232285912;Normal
11;56;2;0.19642857142857142;11;0;1;192.168.196.237;3232285933;Port Scan
13;57;2;0.22807017543859648;13;0;1;192.168.196.239;3232285935;Port Scan
12;43;2;0.27906976744186046;12;0;1;192.168.197.99;3232286051;Port Scan
15;55;2;0.2727272727272727;15;0;1;192.168.197.122;3232286074;Port Scan
7;48;1;0.14583333333333334;7;0;1;192.168.197.123;3232286075;Normal
7;45;1;0.15555555555555556;7;0;1;192.168.197.134;3232286086;Normal
14;54;2;0.25925925925925924;14;0;1;192.168.198.83;3232286291;Port Scan
12;59;1;0.2033898305084746;12;0;1;192.168.198.130;3232286338;Port Scan
9;45;1;0.2;9;0;1;192.168.198.216;3232286424;Normal
9;46;2;0.1956521739130435;9;0;1;192.168.198.240;3232286448;Normal
4;36;1;0.1111111111111111;4;0;0;192.168.199.87;3232286551;Normal
12;53;2;0.22641509433962265;12;0;1;192.168.199.135;3232286599;Port Scan
21;57;1;0.3684210526315789;21;0;1;192.168.199.197;3232286661;Port Scan
11;41;2;0.2682926829268293;11;0;1;192.168.199.208;3232286672;Port Scan
8;43;1;0.18604651162790697;8;0;1;192.168.200.165;3232286885;Normal
7;57;1;0.12280701754385964;7;0;1;192.168.201.11;3232286987;Normal
15;57;2;0.2631578947368421;15;0;1;192.168.201.12;3232286988;Port Scan
11;59;2;0.1864406779661017;11;0;1;192.168.201.19;3232286995;Port Scan
9;57;1;0.15789473684210525;9;0;1;192.168.201.82;3232287058;Normal
8;51;1;0.1568627450980392;8;0;1;192.168.201.156;3232287132;Normal
12;48;2;0.25;12;0;1;192.168.201.163;3232287139;Port Scan
13;51;2;0.2549019607843137;13;0;1;192.168.201.221;3232287197;Port Scan
13;46;2;0.2826086956521739;13;0;1;192.168.202.67;3232287299;Port Scan
3;25;1;0.12;3;0;0;192.168.202.105;3232287337;Normal
8;49;2;0.16326530612244897;8;0;1;192.168.202.132;3232287364;Normal
5;28;1;0.17857142857142858;5;0;1;192.168.202.178;3232287410;Normal
10;45;2;0.2222222222222222;10;0;1;192.168.202.206;3232287438;Normal
10;52;1;0.19230769230769232;10;0;1;192.168.203.19;3232287507;Normal
8;50;1;0.16;8;0;1;192.168.203.78;3232287566;Normal
17;54;2;0.3148148148148148;17;0;1;192.168.203.89;3232287577;Port Scan
16;43;2;0.37209302325581395;16;0;1;192.168.203.95;3232287583;Port Scan
16;55;2;0.2909090909090909;16;0;1;192.168.204.7;3232287751;Port Scan
7;48;2;0.14583333333333334;7;0;1;192.168.204.230;3232287974;Normal
11;38;2;0.2894736842105263;11;0;1;192.168.205.18;3232288018;Port Scan
18;56;2;0.32142857142857145;18;0;1;192.168.205.58;3232288058;Port Scan
7;46;2;0.15217391304347827;7;0;1;192.168.205.98;3232288098;Normal
13;55;2;0.23636363636363636;13;0;1;192.168.205.138;3232288138;Port Scan
8;53;1;0.1509433962264151;8;0;1;192.168.205.216;3232288216;Normal
12;53;2;0.22641509433962265;12;0;1;192.168.205.220;3232288220;Port Scan
13;58;2;0.22413793103448276;13;0;1;192.168.206.5;3232288261;Port Scan
7;40;2;0.175;7;0;1;192.168.206.46;3232288302;Normal
8;45;2;0.17777777777777778;8;0;1;192.168.207.33;3232288545;Normal
5;33;2;0.15151515151515152;5;0;1;192.168.207.75;3232288587;Normal
10;53;2;0.18867924528301888;10;0;1;192.168.207.228;3232288740;Normal
15;48;2;0.3125;15;0;1;192.168.207.247;3232288759;Port Scan
9;47;1;0.19148936170212766;9;0;1;192.168.207.251;3232288763;Normal
7;52;1;0.1346153846153846;7;0;1;192.168.208.1;3232288769;Normal
6;50;2;0.12;6;0;1;192.168.208.4;3232288772;Normal
11;44;1;0.25;11;0;1;192.168.208.19;3232288787;Port Scan
12;59;2;0.2033898305084746;12;0;1;192.168.208.36;3232288804;Port Scan
9;38;2;0.23684210526315788;9;0;1;192.168.208.46;3232288814;Normal
13;58;2;0.22413793103448276;13;0;1;192.168.208.108;3232288876;Port Scan
7;28;2;0.25;7;0;1;192.168.209.70;3232289094;Normal
12;36;1;0.3333333333333333;12;0;1;192.168.209.137;3232289161;Port Scan
11;56;1;0.19642857142857142;11;0;1;192.168.209.168;3232289192;Port Scan
9;32;2;0.28125;9;0;1;192.168.210.59;3232289339;Normal
8;41;2;0.1951219512195122;8;0;1;192.168.210.69;3232289349;Normal
10;41;2;0.24390243902439024;10;0;1;192.168.210.95;3232289375;Normal
12;48;1;0.25;12;0;1;192.168.210.98;3232289378;Port Scan
9;50;1;0.18;9;0;1;192.168.210.242;3232289522;Normal
11;46;2;0.2391304347826087;11;0;1;192.168.211.123;3232289659;Port Scan
3;22;2;0.13636363636363635;3;0;0;192.168.211.138;3232289674;Normal
6;43;2;0.13953488372093023;6;0;1;192.168.211.143;3232289679;Normal
11;41;1;0.2682926829268293;11;0;1;192.168.211.245;3232289781;Port Scan
9;55;1;0.16363636363636364;9;0;1;192.168.212.190;3232289982;Normal
10;56;2;0.17857142857142858;10;0;1;192.168.212.201;3232289993;Normal
4;27;1;0.14814814814814814;4;0;0;192.168.212.214;3232290006;Normal
7;40;2;0.175;7;0;1;192.168.213.72;3232290120;Normal
13;45;2;0.28888888888888886;13;0;1;192.168.213.144;3232290192;Port Scan
8;46;1;0.17391304347826086;8;0;1;192.168.213.147;3232290195;Normal
4;39;1;0.10256410256410256;4;0;0;192.168.213.216;3232290264;Normal
13;45;1;0.28888888888888886;13;0;1;192.168.213.254;3232290302;Port Scan
9;45;1;0.2;9;0;1;192.168.214.17;3232290321;Normal
7;51;2;0.13725490196078433;7;0;1;192.168.214.88;3232290392;Normal
3;44;2;0.06818181818181818;3;0;0;192.168.214.217;3232290521;Normal
14;51;2;0.27450980392156865;14;0;1;192.168.214.226;3232290530;Port Scan
13;54;1;0.24074074074074073;13;0;1;192.168.215.17;3232290577;Port Scan
4;44;1;0.09090909090909091;4;0;0;192.168.215.148;3232290708;Normal
12;58;2;0.20689655172413793;12;0;1;192.168.215.192;3232290752;Port Scan
5;30;2;0.16666666666666666;5;0;1;192.168.216.49;3232290865;Normal
14;51;2;0.27450980392156865;14;0;1;192.168.216.157;3232290973;Port Scan
13;49;1;0.2653061224489796;13;0;1;192.168.216.183;3232290999;Port Scan
11;55;2;0.2;11;0;1;192.168.216.191;3232291007;Port Scan
9;47;2;0.19148936170212766;9;0;1;192.168.216.207;3232291023;Normal
9;45;2;0.2;9;0;1;192.168.216.223;3232291039;Normal
17;49;2;0.3469387755102041;17;0;1;192.168.217.71;3232291143;Port Scan
12;54;2;0.2222222222222222;12;0;1;192.168.217.123;3232291195;Port Scan
14;57;2;0.24561403508771928;14;0;1;192.168.217.223;3232291295;Port Scan
12;56;2;0.21428571428571427;12;0;1;192.168.218.25;3232291353;Port Scan
4;36;1;0.1111111111111111;4;0;0;192.168.218.37;3232291365;Normal
5;51;2;0.09803921568627451;5;0;1;192.168.218.176;3232291504;Normal
16;46;2;0.34782608695652173;16;0;1;192.168.218.229;3232291557;Port Scan
7;51;1;0.13725490196078433;7;0;1;192.168.219.38;3232291622;Normal
7;33;2;0.21212121212121213;7;0;1;192.168.219.102;3232291686;Normal
14;54;2;0.25925925925925924;14;0;1;192.168.220.43;3232291883;Port Scan
10;45;2;0.2222222222222222;10;0;1;192.168.220.77;3232291917;Normal
12;42;2;0.2857142857142857;12;0;1;192.168.220.126;3232291966;Port Scan
13;39;1;0.3333333333333333;13;0;1;192.168.220.168;3232292008;Port Scan
8;23;1;0.34782608695652173;8;0;1;192.168.220.233;3232292073;Normal
9;58;1;0.15517241379310345;9;0;1;192.168.220.250;3232292090;Normal
10;44;1;0.22727272727272727;10;0;1;192.168.221.112;3232292208;Normal
5;43;1;0.11627906976744186;5;0;1;192.168.221.124;3232292220;Normal
9;50;2;0.18;9;0;1;192.168.222.217;3232292569;Normal
12;57;2;0.21052631578947367;12;0;1;192.168.223.11;3232292619;Port Scan
4;49;1;0.08163265306122448;4;0;0;192.168.223.32;3232292640;Normal
11;48;2;0.22916666666666666;11;0;1;192.168.223.97;3232292705;Port Scan
10;57;2;0.17543859649122806;10;0;1;192.168.223.105;3232292713;Normal
5;56;1;0.08928571428571429;5;0;1;192.168.223.135;3232292743;Normal
3;35;1;0.08571428571428572;3;0;0;192.168.224.47;3232292911;Normal
12;54;2;0.2222222222222222;12;0;1;192.168.224.121;3232292985;Port Scan
9;41;1;0.21951219512195122;9;0;1;192.168.224.132;3232292996;Normal
11;38;2;0.2894736842105263;11;0;1;192.168.224.140;3232293004;Port Scan
7;46;2;0.15217391304347827;7;0;1;192.168.224.155;3232293019;Normal
6;36;2;0.16666666666666666;6;0;1;192.168.224.178;3232293042;Normal
16;58;2;0.27586206896551724;16;0;1;192.168.224.224;3232293088;Port Scan
7;44;2;0.1590909090909091;7;0;1;192.168.225.66;3232293186;Normal
14;51;1;0.27450980392156865;14;0;1;192.168.225.199;3232293319;Port Scan
9;57;1;0.15789473684210525;9;0;1;192.168.226.32;3232293408;Normal
7;41;2;0.17073170731707318;7;0;1;192.168.226.55;3232293431;Normal
8;43;2;0.18604651162790697;8;0;1;192.168.226.76;3232293452;Normal
13;47;2;0.2765957446808511;13;0;1;192.168.226.81;3232293457;Port Scan
6;45;2;0.13333333333333333;6;0;1;192.168.226.180;3232293556;Normal
14;49;2;0.2857142857142857;14;0;1;192.168.226.219;3232293595;Port Scan
9;54;1;0.16666666666666666;9;0;1;192.168.226.249;3232293625;Normal
9;53;1;0.16981132075471697;9;0;1;192.168.227.23;3232293655;Normal
6;50;2;0.12;6;0;1;192.168.227.211;3232293843;Normal
8;37;2;0.21621621621621623;8;0;1;192.168.228.129;3232294017;Normal
8;54;1;0.14814814814814814;8;0;1;192.168.228.184;3232294072;Normal
8;52;2;0.15384615384615385;8;0;1;192.168.229.74;3232294218;Normal
6;40;2;0.15;6;0;1;192.168.229.113;3232294257;Normal
12;35;1;0.34285714285714286;12;0;1;192.168.229.207;3232294351;Port Scan
10;39;2;0.2564102564102564;10;0;1;192.168.229.212;3232294356;Normal
12;48;1;0.25;12;0;1;192.168.229.215;3232294359;Port Scan
8;56;1;0.14285714285714285;8;0;1;192.168.230.173;3232294573;Normal
8;54;2;0.14814814814814814;8;0;1;192.168.230.177;3232294577;Normal
11;48;2;0.22916666666666666;11;0;1;192.168.230.180;3232294580;Port Scan
8;53;2;0.1509433962264151;8;0;1;192.168.230.209;3232294609;Normal
10;49;2;0.20408163265306123;10;0;1;192.168.230.217;3232294617;Normal
10;50;1;0.2;10;0;1;192.168.230.253;3232294653;Normal
15;53;2;0.2830188679245283;15;0;1;192.168.231.71;3232294727;Port Scan
6;49;1;0.12244897959183673;6;0;1;192.168.232.3;3232294915;Normal
12;49;2;0.24489795918367346;12;0;1;192.168.233.64;3232295232;Port Scan
11;54;1;0.2037037037037037;11;0;1;192.168.233.159;3232295327;Port Scan
7;47;2;0.14893617021276595;7;0;1;192.168.234.17;3232295441;Normal
10;50;2;0.2;10;0;1;192.168.234.159;3232295583;Normal
4;30;1;0.13333333333333333;4;0;0;192.168.235.47;3232295727;Normal
9;56;1;0.16071428571428573;9;0;1;192.168.235.53;3232295733;Normal
15;54;2;0.2777777777777778;15;0;1;192.168.235.133;3232295813;Port Scan
11;56;1;0.19642857142857142;11;0;1;192.168.235.145;3232295825;Port Scan
7;27;1;0.25925925925925924;7;0;1;192.168.236.77;3232296013;Normal
10;34;2;0.29411764705882354;10;0;1;192.168.236.108;3232296044;Normal
12;51;2;0.23529411764705882;12;0;1;192.168.236.157;3232296093;Port Scan
7;59;2;0.11864406779661017;7;0;1;192.168.236.246;3232296182;Normal
7;43;2;0.16279069767441862;7;0;1;192.168.237.1;3232296193;Normal
18;55;2;0.32727272727272727;18;0;1;192.168.237.142;3232296334;Port Scan
8;49;1;0.16326530612244897;8;0;1;192.168.237.175;3232296367;Normal
14;55;2;0.2545454545454545;14;0;1;192.168.237.205;3232296397;Port Scan
9;48;2;0.1875;9;0;1;192.168.238.219;3232296667;Normal
15;58;2;0.25862068965517243;15;0;1;192.168.239.43;3232296747;Port Scan
9;51;2;0.17647058823529413;9;0;1;192.168.239.154;3232296858;Normal
13;45;2;0.28888888888888886;13;0;1;192.168.239.157;3232296861;Port Scan
11;56;2;0.19642857142857142;11;0;1;192.168.239.196;3232296900;Port Scan
9;49;1;0.1836734693877551;9;0;1;192.168.240.80;3232297040;Normal
16;57;2;0.2807017543859649;16;0;1;192.168.240.93;3232297053;Port Scan
13;56;2;0.23214285714285715;13;0;1;192.168.240.250;3232297210;Port Scan
7;53;1;0.1320754716981132;7;0;1;192.168.241.9;3232297225;Normal
12;39;2;0.3076923076923077;12;0;1;192.168.241.74;3232297290;Port Scan
9;45;2;0.2;9;0;1;192.168.241.113;3232297329;Normal
9;51;1;0.17647058823529413;9;0;1;192.168.241.133;3232297349;Normal
10;38;2;0.2631578947368421;10;0;1;192.168.241.169;3232297385;Normal
5;20;2;0.25;5;0;1;192.168.242.36;3232297508;Normal
11;58;2;0.1896551724137931;11;0;1;192.168.242.51;3232297523;Port Scan
4;38;1;0.10526315789473684;4;0;0;192.168.242.59;3232297531;Normal
6;45;2;0.13333333333333333;6;0;1;192.168.242.62;3232297534;Normal
12;57;2;0.21052631578947367;12;0;1;192.168.242.66;3232297538;Port Scan
9;33;1;0.2727272727272727;9;0;1;192.168.242.236;3232297708;Normal
8;48;2;0.16666666666666666;8;0;1;192.168.243.220;3232297948;Normal
11;53;1;0.20754716981132076;11;0;1;192.168.244.45;3232298029;Port Scan
8;37;2;0.21621621621621623;8;0;1;192.168.244.77;3232298061;Normal
10;50;2;0.2;10;0;1;192.168.244.90;3232298074;Normal
6;43;1;0.13953488372093023;6;0;1;192.168.244.108;3232298092;Normal
11;53;1;0.20754716981132076;11;0;1;192.168.245.122;3232298362;Port Scan
11;53;1;0.20754716981132076;11;0;1;192.168.246.39;3232298535;Port Scan
8;58;2;0.13793103448275862;8;0;1;192.168.246.161;3232298657;Normal
16;45;2;0.35555555555555557;16;0;1;192.168.246.224;3232298720;Port Scan
9;55;2;0.16363636363636364;9;0;1;192.168.247.1;3232298753;Normal
10;49;2;0.20408163265306123;10;0;1;192.168.247.6;3232298758;Normal
5;25;1;0.2;5;0;1;192.168.247.36;3232298788;Normal
8;34;1;0.23529411764705882;8;0;1;192.168.247.136;3232298888;Normal
5;32;2;0.15625;5;0;1;192.168.247.142;3232298894;Normal
11;54;2;0.2037037037037037;11;0;1;192.168.247.170;3232298922;Port Scan
11;49;2;0.22448979591836735;11;0;1;192.168.247.173;3232298925;Port Scan
8;56;2;0.14285714285714285;8;0;1;192.168.247.243;3232298995;Normal
8;52;2;0.15384615384615385;8;0;1;192.168.248.55;3232299063;Normal
8;49;2;0.16326530612244897;8;0;1;192.168.248.103;3232299111;Normal
10;51;2;0.19607843137254902;10;0;1;192.168.248.115;3232299123;Normal
7;49;1;0.14285714285714285;7;0;1;192.168.248.151;3232299159;Normal
10;52;2;0.19230769230769232;10;0;1;192.168.248.170;3232299178;Normal
10;45;1;0.2222222222222222;10;0;1;192.168.248.199;3232299207;Normal
10;55;2;0.18181818181818182;10;0;1;192.168.249.84;3232299348;Normal
11;57;2;0.19298245614035087;11;0;1;192.168.249.118;3232299382;Port Scan
9;48;1;0.1875;9;0;1;192.168.249.227;3232299491;Normal
11;58;2;0.1896551724137931;11;0;1;192.168.250.38;3232299558;Port Scan
11;51;2;0.21568627450980393;11;0;1;192.168.250.40;3232299560;Port Scan
12;39;1;0.3076923076923077;12;0;1;192.168.250.113;3232299633;Port Scan
10;50;1;0.2;10;0;1;192.168.250.134;3232299654;Normal
13;55;2;0.23636363636363636;13;0;1;192.168.250.168;3232299688;Port Scan
7;34;1;0.20588235294117646;7;0;1;192.168.250.192;3232299712;Normal
4;54;1;0.07407407407407407;4;0;0;192.168.250.196;3232299716;Normal
2;18;1;0.1111111111111111;2;0;0;192.168.250.234;3232299754;Normal
17;59;2;0.288135593220339;17;0;1;192.168.250.237;3232299757;Port Scan
10;52;1;0.19230769230769232;10;0;1;192.168.250.243;3232299763;Normal
10;34;2;0.29411764705882354;10;0;1;192.168.251.3;3232299779;Normal
15;59;2;0.2542372881355932;15;0;1;192.168.251.12;3232299788;Port Scan
11;59;2;0.1864406779661017;11;0;1;192.168.251.63;3232299839;Port Scan
10;54;1;0.18518518518518517;10;0;1;192.168.251.104;3232299880;Normal
7;45;2;0.15555555555555556;7;0;1;192.168.251.139;3232299915;Normal
8;44;1;0.18181818181818182;8;0;1;192.168.251.143;3232299919;Normal
13;53;2;0.24528301886792453;13;0;1;192.168.251.157;3232299933;Port Scan
12;47;2;0.2553191489361702;12;0;1;192.168.251.163;3232299939;Port Scan
9;45;2;0.2;9;0;1;192.168.252.19;3232300051;Normal
6;48;2;0.125;6;0;1;192.168.253.69;3232300357;Normal
9;52;1;0.17307692307692307;9;0;1;192.168.253.157;3232300445;Normal
7;37;2;0.1891891891891892;7;0;1;192.168.254.48;3232300592;Normal
14;47;2;0.2978723404255319;14;0;1;192.168.254.86;3232300630;Port Scan
12;37;1;0.32432432432432434;12;0;1;192.168.254.141;3232300685;Port Scan
11;45;1;0.24444444444444444;11;0;1;192.168.254.145;3232300689;Port Scan
13;49;1;0.2653061224489796;13;0;1;192.168.254.184;3232300728;Port Scan
9;52;2;0.17307692307692307;9;0;1;192.168.255.125;3232300925;Normal
